0	A	A	0.99812
0	A	C	0.000206266
0	A	T	0.000452402
0	A	G	0.00122104
0	C	A	0.000277202
0	C	C	0.598273
0	C	T	0.401367
0	C	G	8.33464e-05
0	T	A	0.000259267
0	T	C	0.000377739
0	T	T	0.999291
0	T	G	7.18849e-05
0	G	A	0.000774935
0	G	C	0.000366496
0	G	T	0.00111298
0	G	G	0.997746
1	A	A	0.998287
1	A	C	7.38187e-05
1	A	T	0.000183899
1	A	G	0.00145559
1	C	A	0.000207538
1	C	C	0.762269
1	C	T	0.237418
1	C	G	0.000105252
1	T	A	0.000169752
1	T	C	0.000256984
1	T	T	0.999488
1	T	G	8.48211e-05
1	G	A	0.000322215
1	G	C	0.000100308
1	G	T	0.000208768
1	G	G	0.999369
2	A	A	0.999129
2	A	C	6.31437e-05
2	A	T	0.000118022
2	A	G	0.000689791
2	C	A	0.000191534
2	C	C	0.894906
2	C	T	0.104811
2	C	G	9.1077e-05
2	T	A	0.000137036
2	T	C	0.000207276
2	T	T	0.9996
2	T	G	5.59302e-05
2	G	A	0.000494992
2	G	C	0.000106203
2	G	T	0.000176346
2	G	G	0.999222
3	A	A	0.999331
3	A	C	3.47299e-05
3	A	T	0.000101777
3	A	G	0.000532282
3	C	A	0.000157986
3	C	C	0.91447
3	C	T	0.0853032
3	C	G	6.90741e-05
3	T	A	0.000101309
3	T	C	0.000217197
3	T	T	0.999642
3	T	G	3.93459e-05
3	G	A	0.000575585
3	G	C	9.9139e-05
3	G	T	0.000357591
3	G	G	0.998968
4	A	A	0.999461
4	A	C	3.96945e-05
4	A	T	7.26025e-05
4	A	G	0.000426984
4	C	A	0.000147039
4	C	C	0.942823
4	C	T	0.0569521
4	C	G	7.74815e-05
4	T	A	6.30985e-05
4	T	C	0.000190962
4	T	T	0.999714
4	T	G	3.23316e-05
4	G	A	0.00274774
4	G	C	0.000112481
4	G	T	0.000300315
4	G	G	0.996839
5	A	A	0.999518
5	A	C	3.07898e-05
5	A	T	6.8707e-05
5	A	G	0.000382083
5	C	A	0.000143422
5	C	C	0.950355
5	C	T	0.0494113
5	C	G	8.98187e-05
5	T	A	6.48506e-05
5	T	C	0.000217874
5	T	T	0.999691
5	T	G	2.60049e-05
5	G	A	0.00222734
5	G	C	0.000166794
5	G	T	0.000337393
5	G	G	0.997268
6	A	A	0.99952
6	A	C	3.29524e-05
6	A	T	5.92608e-05
6	A	G	0.000388139
6	C	A	0.000119998
6	C	C	0.960527
6	C	T	0.0392715
6	C	G	8.12502e-05
6	T	A	5.51968e-05
6	T	C	0.000257928
6	T	T	0.999658
6	T	G	2.85051e-05
6	G	A	0.00169488
6	G	C	0.000170261
6	G	T	0.000342664
6	G	G	0.997792
7	A	A	0.999543
7	A	C	2.66466e-05
7	A	T	7.35281e-05
7	A	G	0.00035646
7	C	A	0.000133599
7	C	C	0.965384
7	C	T	0.0343856
7	C	G	9.68801e-05
7	T	A	5.41151e-05
7	T	C	0.000293803
7	T	T	0.999626
7	T	G	2.56766e-05
7	G	A	0.00156835
7	G	C	0.000165465
7	G	T	0.000374716
7	G	G	0.997891
8	A	A	0.999564
8	A	C	2.70787e-05
8	A	T	6.285e-05
8	A	G	0.000346538
8	C	A	0.00012138
8	C	C	0.967071
8	C	T	0.0327017
8	C	G	0.000106007
8	T	A	5.2959e-05
8	T	C	0.000300824
8	T	T	0.999624
8	T	G	2.23309e-05
8	G	A	0.00131773
8	G	C	0.000174715
8	G	T	0.000385673
8	G	G	0.998122
9	A	A	0.99957
9	A	C	2.71123e-05
9	A	T	6.36711e-05
9	A	G	0.000338975
9	C	A	0.000134343
9	C	C	0.971089
9	C	T	0.0286798
9	C	G	9.716e-05
9	T	A	4.8106e-05
9	T	C	0.000276122
9	T	T	0.999657
9	T	G	1.91725e-05
9	G	A	0.00126738
9	G	C	0.000157251
9	G	T	0.000371829
9	G	G	0.998204
10	A	A	0.999598
10	A	C	2.62989e-05
10	A	T	7.19763e-05
10	A	G	0.000303439
10	C	A	0.000134428
10	C	C	0.972481
10	C	T	0.027295
10	C	G	8.9484e-05
10	T	A	5.29121e-05
10	T	C	0.000299472
10	T	T	0.99963
10	T	G	1.79819e-05
10	G	A	0.00137041
10	G	C	0.000148493
10	G	T	0.000385788
10	G	G	0.998095
11	A	A	0.999574
11	A	C	3.13503e-05
11	A	T	7.66812e-05
11	A	G	0.000318107
11	C	A	0.000137487
11	C	C	0.972716
11	C	T	0.0270543
11	C	G	9.24435e-05
11	T	A	4.70547e-05
11	T	C	0.000313341
11	T	T	0.999623
11	T	G	1.69257e-05
11	G	A	0.00136204
11	G	C	0.000171454
11	G	T	0.000390899
11	G	G	0.998076
12	A	A	0.999571
12	A	C	2.57879e-05
12	A	T	7.17993e-05
12	A	G	0.000331179
12	C	A	0.000125831
12	C	C	0.973225
12	C	T	0.0265526
12	C	G	9.62916e-05
12	T	A	4.91565e-05
12	T	C	0.00030338
12	T	T	0.999631
12	T	G	1.64875e-05
12	G	A	0.00141224
12	G	C	0.000162158
12	G	T	0.000395926
12	G	G	0.99803
13	A	A	0.99959
13	A	C	2.45891e-05
13	A	T	6.97251e-05
13	A	G	0.000315343
13	C	A	0.000136754
13	C	C	0.973553
13	C	T	0.0262144
13	C	G	9.59865e-05
13	T	A	5.39066e-05
13	T	C	0.000301036
13	T	T	0.999624
13	T	G	2.10264e-05
13	G	A	0.00136389
13	G	C	0.000181064
13	G	T	0.000396131
13	G	G	0.998059
14	A	A	0.999604
14	A	C	2.22989e-05
14	A	T	6.78822e-05
14	A	G	0.00030535
14	C	A	0.000130971
14	C	C	0.9739
14	C	T	0.0258713
14	C	G	9.81405e-05
14	T	A	5.40219e-05
14	T	C	0.0002924
14	T	T	0.999635
14	T	G	1.82371e-05
14	G	A	0.00136732
14	G	C	0.000174196
14	G	T	0.000409485
14	G	G	0.998049
15	A	A	0.992022
15	A	C	0.000554708
15	A	T	0.00283621
15	A	G	0.00458684
15	C	A	0.0071481
15	C	C	0.576994
15	C	T	0.411882
15	C	G	0.00397634
15	T	A	0.00281914
15	T	C	0.000812741
15	T	T	0.994032
15	T	G	0.0023365
15	G	A	0.0341115
15	G	C	0.00101107
15	G	T	0.0044993
15	G	G	0.960378
16	A	A	0.997182
16	A	C	0.000165908
16	A	T	0.000510208
16	A	G	0.00214235
16	C	A	0.00392508
16	C	C	0.775251
16	C	T	0.219715
16	C	G	0.00110826
16	T	A	0.00336242
16	T	C	0.000350357
16	T	T	0.995143
16	T	G	0.00114412
16	G	A	0.0113136
16	G	C	0.000374257
16	G	T	0.00096674
16	G	G	0.987345
17	A	A	0.996445
17	A	C	0.00027218
17	A	T	0.000308266
17	A	G	0.00297489
17	C	A	0.000962406
17	C	C	0.865208
17	C	T	0.131618
17	C	G	0.00221094
17	T	A	0.000706201
17	T	C	0.0005339
17	T	T	0.996658
17	T	G	0.00210189
17	G	A	0.00296176
17	G	C	0.000656071
17	G	T	0.000890718
17	G	G	0.995491
18	A	A	0.998443
18	A	C	0.000274132
18	A	T	0.000265812
18	A	G	0.0010173
18	C	A	0.00128771
18	C	C	0.915409
18	C	T	0.0828273
18	C	G	0.000476454
18	T	A	0.000893609
18	T	C	0.00052744
18	T	T	0.998159
18	T	G	0.00041965
18	G	A	0.00575044
18	G	C	0.000596711
18	G	T	0.00062437
18	G	G	0.993028
19	A	A	0.999052
19	A	C	0.000112606
19	A	T	0.000290436
19	A	G	0.000544545
19	C	A	0.000472708
19	C	C	0.937656
19	C	T	0.061713
19	C	G	0.000158166
19	T	A	0.000328025
19	T	C	0.000379535
19	T	T	0.999199
19	T	G	9.3488e-05
19	G	A	0.00225181
19	G	C	0.00031474
19	G	T	0.00073477
19	G	G	0.996699
20	A	A	0.999331
20	A	C	4.26976e-05
20	A	T	0.000120757
20	A	G	0.000505221
20	C	A	0.000357285
20	C	C	0.950963
20	C	T	0.0484559
20	C	G	0.000223523
20	T	A	0.000251871
20	T	C	0.00028061
20	T	T	0.99936
20	T	G	0.00010715
20	G	A	0.00177034
20	G	C	0.000206609
20	G	T	0.000448326
20	G	G	0.997575
21	A	A	0.999378
21	A	C	3.76592e-05
21	A	T	7.90952e-05
21	A	G	0.000504823
21	C	A	0.000245428
21	C	C	0.959046
21	C	T	0.0404444
21	C	G	0.000264265
21	T	A	0.000125298
21	T	C	0.000309033
21	T	T	0.999438
21	T	G	0.000127269
21	G	A	0.00189888
21	G	C	0.000210287
21	G	T	0.000426875
21	G	G	0.997464
22	A	A	0.999472
22	A	C	3.29884e-05
22	A	T	8.58309e-05
22	A	G	0.000409119
22	C	A	0.000174647
22	C	C	0.965009
22	C	T	0.0346711
22	C	G	0.00014525
22	T	A	0.000107191
22	T	C	0.000309479
22	T	T	0.999523
22	T	G	6.06278e-05
22	G	A	0.00166827
22	G	C	0.000206297
22	G	T	0.000415899
22	G	G	0.99771
23	A	A	0.999532
23	A	C	3.2385e-05
23	A	T	9.35154e-05
23	A	G	0.000342568
23	C	A	0.000162256
23	C	C	0.968463
23	C	T	0.0312636
23	C	G	0.000111116
23	T	A	7.22084e-05
23	T	C	0.000318144
23	T	T	0.999588
23	T	G	2.1166e-05
23	G	A	0.00149798
23	G	C	0.000246792
23	G	T	0.000471131
23	G	G	0.997784
24	A	A	0.999524
24	A	C	2.72383e-05
24	A	T	0.000108459
24	A	G	0.000340528
24	C	A	0.000138411
24	C	C	0.970708
24	C	T	0.0290562
24	C	G	9.69667e-05
24	T	A	5.41016e-05
24	T	C	0.000323277
24	T	T	0.999603
24	T	G	1.94797e-05
24	G	A	0.00139918
24	G	C	0.000263637
24	G	T	0.000479862
24	G	G	0.997857
25	A	A	0.999531
25	A	C	3.39643e-05
25	A	T	0.000114792
25	A	G	0.000320653
25	C	A	0.000142471
25	C	C	0.9722
25	C	T	0.0275418
25	C	G	0.000115294
25	T	A	5.61805e-05
25	T	C	0.00030514
25	T	T	0.999624
25	T	G	1.4801e-05
25	G	A	0.00141873
25	G	C	0.000336478
25	G	T	0.000513126
25	G	G	0.997732
26	A	A	0.999533
26	A	C	3.95927e-05
26	A	T	0.000114736
26	A	G	0.00031291
26	C	A	0.000147811
26	C	C	0.973004
26	C	T	0.0267377
26	C	G	0.00011086
26	T	A	6.27045e-05
26	T	C	0.000304486
26	T	T	0.999616
26	T	G	1.7286e-05
26	G	A	0.00143961
26	G	C	0.000347691
26	G	T	0.000551917
26	G	G	0.997661
27	A	A	0.999566
27	A	C	3.1823e-05
27	A	T	0.000100564
27	A	G	0.000301388
27	C	A	0.000156114
27	C	C	0.973875
27	C	T	0.0258508
27	C	G	0.000117891
27	T	A	6.31048e-05
27	T	C	0.000301224
27	T	T	0.999615
27	T	G	2.05794e-05
27	G	A	0.00146084
27	G	C	0.000273982
27	G	T	0.000491005
27	G	G	0.997774
28	A	A	0.999603
28	A	C	2.18007e-05
28	A	T	7.78126e-05
28	A	G	0.000297858
28	C	A	0.000140029
28	C	C	0.974176
28	C	T	0.0255727
28	C	G	0.000111726
28	T	A	4.87539e-05
28	T	C	0.0002991
28	T	T	0.999633
28	T	G	1.89496e-05
28	G	A	0.00142421
28	G	C	0.000229834
28	G	T	0.000425302
28	G	G	0.997921
29	A	A	0.999605
29	A	C	2.70023e-05
29	A	T	7.95275e-05
29	A	G	0.000288638
29	C	A	0.000133596
29	C	C	0.974515
29	C	T	0.02526
29	C	G	9.09274e-05
29	T	A	5.68632e-05
29	T	C	0.00031238
29	T	T	0.999617
29	T	G	1.38754e-05
29	G	A	0.00135511
29	G	C	0.000190902
29	G	T	0.00042635
29	G	G	0.998028
30	A	A	0.999611
30	A	C	2.47964e-05
30	A	T	6.86487e-05
30	A	G	0.000295136
30	C	A	0.000142177
30	C	C	0.966101
30	C	T	0.0336537
30	C	G	0.000103523
30	T	A	5.19378e-05
30	T	C	0.000293726
30	T	T	0.999638
30	T	G	1.65231e-05
30	G	A	0.0014417
30	G	C	0.000174002
30	G	T	0.000408758
30	G	G	0.997976
